date,day,location_id,location_resolution,name,mobility_per_home_user_index,mobility_per_home_user_percent,commuters_per_home_user_index,commuters_per_home_user_percent,inter_region_mobility_index,inter_region_mobility_percent,edge_minutes_15min_durations_index,edge_minutes_15min_durations_percent,distinct_edges_15min_durations_per_distinct_user_index,distinct_edges_15min_durations_per_distinct_user_percent,deathIncrease,rt_median
2020-04-30,Thursday,USA,national,United States,0.4763067067845204,0.4849830473621602,0.4875196991111202,0.3379566060827166,45.62778973660263,0.5830744429415415,2.899234740196658,0.0643022450997707,14.972855375296833,0.2116395331234171,2140.0,0.8937017040268814
2020-05-01,Friday,USA,national,United States,0.5724446510393171,0.4970673187703318,0.4691894588617903,0.3423922592364056,59.52078648982776,0.5521393350496389,4.346616551123094,0.0577660264329439,21.52183645748164,0.2225766462335217,1778.0,0.904869205243284
2020-05-02,Saturday,USA,national,United States,0.5278248700573784,0.508461781097432,0.2164982530015179,0.4662054537683331,56.105081478480685,0.5395096428684925,7.511622462335971,0.0582971211253068,23.255302156596347,0.188703909461497,1564.0,0.9251841464229158
2020-05-03,Sunday,USA,national,United States,0.5022523676622795,0.4809424826925982,0.1716987576680807,0.4745515635546,54.94294635382151,0.5351418876641402,6.316597137664591,0.0874728795126649,16.47534617049884,0.2179352711117204,1231.0,0.9221956027549322
2020-05-04,Monday,USA,national,United States,0.4767837100894281,0.5240237913968949,0.4750084867094422,0.3218442371086531,46.77676532131299,0.6744575440335048,3.5912074515766554,0.0946704821642432,16.072256595818107,0.2574679651142071,1035.0,0.9210728300776932
2020-05-05,Tuesday,USA,national,United States,0.471354662739041,0.5632337311019173,0.4780512479613301,0.3318906799005619,44.55038123231719,0.6804395282610385,3.856356329536288,0.087506706320031,17.145000147643422,0.2590181249876008,2452.0,0.9282577122418872
2020-05-06,Wednesday,USA,national,United States,0.4925531117696956,0.5630526300369231,0.4817209457093233,0.3303048820700395,47.1066976548796,0.6991845475286144,3.836722881510781,0.0978800142585569,17.52635469685166,0.2643085038942935,1950.0,0.9448891560774828
2020-05-07,Thursday,USA,national,United States,0.5355931374919013,0.5453494319251616,0.4779536940254821,0.3313252953512595,52.9540754923536,0.6766965537324623,4.282035955123689,0.0949714494293474,19.25898241805349,0.2722234300154746,2752.0,0.9505627909158834
2020-05-08,Friday,USA,national,United States,0.6118325070111038,0.5312687318230382,0.4562726261980944,0.3329661661425193,63.23361884465324,0.5865810974731659,5.872095501637863,0.0780394635631565,24.783316772891933,0.2563065443207417,1798.0,0.9577713946730532
2020-05-09,Saturday,USA,national,United States,0.5891022185048531,0.5674911893349482,0.2126783263697152,0.4579796570053042,62.29517575076675,0.5990339401720136,9.262705617248406,0.0718871420953795,31.52114870705901,0.2557766805903253,1445.0,0.9629862304446516
2020-05-10,Sunday,USA,national,United States,0.5808882685072837,0.5562419691981461,0.1635085884813172,0.4519150713275051,61.896808116130906,0.6028721962295617,8.803474266615789,0.1219114068910277,20.5097765306288,0.2713025670226662,1036.0,0.9703438943047372
2020-05-11,Monday,USA,national,United States,0.5199172813969303,0.5714310687319492,0.4664315518827087,0.31603289452578,50.62722294289141,0.7299759231479239,4.317014347038209,0.1138040158511681,17.14953135281992,0.2747252642308929,892.0,0.9732774746192812
2020-05-12,Tuesday,USA,national,United States,0.4712286787368334,0.5630831895983918,0.4615656217557862,0.3204454097265427,46.24269278047331,0.7062870213608897,7.114247483397243,0.1614333095854036,13.255006491591258,0.2002500378293872,1487.0,0.9766394805201748
2020-05-13,Wednesday,USA,national,United States,0.5288017418183325,0.6044895553073568,0.4782082532708189,0.3278963103191475,51.39228180923241,0.7627936385290017,4.763850623560876,0.1215323027906996,19.652853715328604,0.2963774528473402,1704.0,0.9727247239501357
2020-05-14,Thursday,USA,national,United States,0.569263827477769,0.5796334627891659,0.4713173800215711,0.3267248942561855,56.126753420953165,0.7172399906714452,5.4225963082974085,0.1202679838437642,20.749342529142247,0.2932894932472739,1880.0,0.9703321562936672
2020-05-15,Friday,USA,national,United States,0.6667004018833466,0.5789118311885434,0.452470805509673,0.3301917773532268,70.99963973234324,0.6586219064373346,7.351900990234381,0.0977059057175247,28.36763659401175,0.2933752157786484,1507.0,0.9787616879129772
2020-05-16,Saturday,USA,national,United States,0.6127974791872844,0.5903171968492347,0.2080627998176303,0.4480406222982691,66.48245151504909,0.6392990212065423,11.30089033060814,0.0877053360616308,30.77855783568028,0.2497509665567693,988.0,0.9850156820741592
2020-05-17,Sunday,USA,national,United States,0.5964162443313225,0.5711111141237613,0.1647363202652061,0.4553083517774225,65.43444380652959,0.6373286126917689,9.500369052120904,0.1315620767496459,21.69737839305032,0.2870121206296834,849.0,0.9920382938048236
2020-05-18,Monday,USA,national,United States,0.5500999960932342,0.6046043090400992,0.472162992916241,0.3199162593888983,52.73363739042393,0.7603475639666225,5.691713362352931,0.1500434758003331,20.503286679373115,0.3284504243707115,848.0,0.9992760011758492
2020-05-19,Tuesday,USA,national,United States,0.5445240889246531,0.6506657481602164,0.4776843969122109,0.3316359907963422,51.61274482863762,0.7883064245919335,5.946942911465539,0.1349453583606422,22.57536336102985,0.3410573484008667,1326.0,1.004714087457901
2020-05-20,Wednesday,USA,national,United States,0.5815789097464538,0.6648207612174386,0.4806525887969095,0.3295723345088287,56.1038117051074,0.8327248598289871,6.2078021273591535,0.1583694677737456,23.692222509627488,0.3572936867799,1399.0,1.0070390542479084
2020-05-21,Thursday,USA,national,United States,0.6774237708590282,0.6897636335307937,0.4727858585417189,0.3277428675148648,68.76672343723654,0.8787653136947071,7.18445401534334,0.1593442975132475,26.73267121380428,0.3778631338525961,1394.0,1.005154042593186
2020-05-22,Friday,USA,national,United States,0.8428623034694888,0.73187740424775,0.4345538482654864,0.3171168300081582,94.7190313833804,0.8786527545885738,11.124477571833673,0.1478430079831159,36.34964593778213,0.3759243455172233,1341.0,1.005521545172141
2020-05-23,Saturday,USA,national,United States,0.7300350865535892,0.703253979548755,0.1988206015199195,0.4281385529214276,81.18453540504285,0.7806750930326828,19.588658368277937,0.1520260629848835,37.40584194102911,0.3035277100869167,1063.0,1.0029946147426074
2020-05-24,Sunday,USA,national,United States,0.6579611653417231,0.630044767827839,0.1565775276484974,0.4327585800402176,74.88649140561566,0.7293911417358526,21.354545095287207,0.2957199120757057,29.320411327601427,0.3878493189557365,680.0,1.007590804666502
2020-05-25,Monday,USA,national,United States,0.7494269835394521,0.8236807612739576,0.196093774234917,0.1328642601895197,88.9202315216999,1.2821091957739703,14.022898737862697,0.3696680302528835,24.55838404502471,0.3934106656940087,559.0,1.0168019062909577
2020-05-26,Tuesday,USA,national,United States,0.6194753858558345,0.7402269681048014,0.4782063588350409,0.331998366793035,62.79888255488947,0.9591577184971892,8.165401259863426,0.1852856191113437,24.71572224253569,0.3733928246046626,645.0,1.018315961672184
2020-05-27,Wednesday,USA,national,United States,0.606425692841229,0.693223884119668,0.4884549447473081,0.3349222290588157,58.97744348496992,0.8753769461732079,8.190330064743272,0.2089464494250068,26.01196378261313,0.3922768510425071,1321.0,1.0233972134307947
2020-05-28,Thursday,USA,national,United States,0.6484780640230947,0.6602906554908404,0.484077596667601,0.3355704845337376,63.52766886402798,0.8118157891955314,8.921907075788335,0.1978793395341991,28.00063245211254,0.3957856154212683,1231.0,1.03320710170052
2020-05-29,Friday,USA,national,United States,0.7708526765348506,0.6693497308367637,0.4656720799065492,0.3398254425606918,82.38142211987332,0.7642040085858767,11.971935393971233,0.1591056234861454,37.00256786111021,0.3826767977177503,1184.0,1.043112858297904
2020-05-30,Saturday,USA,national,United States,0.751989607141069,0.7244031054697005,0.2159107443348384,0.4649403177187584,82.19161247377515,0.7903592031948115,17.51927137167702,0.1359657105109837,40.90380416803994,0.3319117380793613,932.0,1.03776757437487
2020-05-31,Sunday,USA,national,United States,0.7387093676411233,0.7073669337094959,0.1729282090502924,0.4779495967358929,84.2410754825952,0.8205043803494122,15.578689461899105,0.215735275903594,30.02017908053016,0.3971058209661671,652.0,1.0582468339197326
2020-06-01,Monday,USA,national,United States,0.6405599619636294,0.7040271149831693,0.4897560778408618,0.3318365369299938,63.23430604192515,0.911752970919254,9.185764824446714,0.2421527568940424,27.250778423987413,0.4365412178914409,668.0,1.060664008133444
2020-06-02,Tuesday,USA,national,United States,0.6056785432905697,0.7237407683708188,0.496038157539611,0.3443782273647796,58.67075841760318,0.8961068811557465,9.59792272590106,0.2177917530143715,28.166572152694076,0.4255265467187281,962.0,1.062057152382276
2020-06-03,Wednesday,USA,national,United States,0.6333436763123975,0.7239946599539265,0.4998559223646368,0.3427396150390534,61.223005888234,0.9087068676288848,10.065026171118578,0.2567724945393784,29.395410372324616,0.4433013636465762,993.0,1.0755554573527466
2020-06-04,Thursday,USA,national,United States,0.7033711079054229,0.7161836238698897,0.4944563930454732,0.3427652354442845,69.8933219137888,0.8931620395261918,11.191508175460172,0.2482169145385287,32.03906746745478,0.4528684149123003,893.0,1.079583045872371
2020-06-05,Friday,USA,national,United States,0.832774693419777,0.7231180922843887,0.469352477253409,0.342511222342565,90.90311524843592,0.8432547445553308,15.299374152001066,0.2033268960528936,41.30573789592271,0.4271797450574602,826.0,1.0749159915269022
2020-06-06,Saturday,USA,national,United States,0.813435150859819,0.7835945387879892,0.2156582670327038,0.4643966352937227,91.0445864352868,0.875489902490403,23.2281805853734,0.1802721135008831,46.151546578574944,0.3744942640790919,728.0,1.0782942308767371
2020-06-07,Sunday,USA,national,United States,0.8021623146862457,0.7681276584982802,0.1727985694184256,0.4775912907653865,94.38053593762504,0.9192622804601543,20.34094879244213,0.2816835273988082,34.100107423133124,0.4510749625101379,447.0,1.0850079699262536
2020-06-08,Monday,USA,national,United States,0.6779008428629894,0.7450677578761749,0.5004254400897477,0.3390656135665318,66.8711581823511,0.9641914485650576,10.797847251559478,0.2846500569584722,29.13894921054529,0.4667885877803487,661.0,1.0913356571834063
2020-06-09,Tuesday,USA,national,United States,0.6445261436415164,0.7701607587086117,0.5097800691247777,0.3539186529960987,61.97630949879756,0.9465941622095628,11.502430254497565,0.2610079827265315,30.73132884446159,0.4642736137137864,902.0,1.0950923102787826
2020-06-10,Wednesday,USA,national,United States,0.6886612913867605,0.7872299292289151,0.5130128046533088,0.3517609841355749,65.84864436437437,0.977363239354746,11.939324333160265,0.3045883875530505,32.35954770037388,0.4880024276193751,887.0,1.0984898066456656
2020-06-11,Thursday,USA,national,United States,0.7708943264593526,0.7849368365278858,0.5053963764410725,0.3503490103475737,77.15039623246336,0.9858997020378628,13.306589607389007,0.2951273915537968,35.64513920792594,0.5038398108440356,899.0,1.1007126191472196
2020-06-12,Friday,USA,national,United States,0.9277027748605328,0.8055464053660099,0.4760726360259071,0.3474152761338092,103.24158215259466,0.9577114463860176,18.40388212920629,0.2445854445729339,47.25653250183687,0.4887222583288342,775.0,1.1049420693137784
2020-06-13,Saturday,USA,national,United States,0.9164927105382342,0.882871464378755,0.2195100404655943,0.4726910106810426,103.04212404190108,0.99085890399392,27.947851654676956,0.2169011157408641,53.407869813804105,0.4333753120905727,694.0,1.1050390299448185
2020-06-14,Sunday,USA,national,United States,0.9139392201143024,0.8751620218293718,0.1757501844504467,0.4857491455307927,108.2165187936582,1.054024146625551,24.284430325995277,0.3362932606977802,39.60883239568143,0.5239441731445066,356.0,1.104418700416487
2020-06-15,Monday,USA,national,United States,0.7421924301122309,0.8157294029624818,0.5106025633179428,0.3459611713365192,73.16427992375458,1.0549297329431129,13.585202560265024,0.3581295968058193,32.89975734523883,0.5270344911388382,381.0,1.1007233951674966
2020-06-16,Tuesday,USA,national,United States,0.694433325693499,0.8297961258280905,0.5210363847735714,0.3617334349254111,67.08971262153322,1.0246936422229644,14.185835591574516,0.3218986117824394,34.2430324945224,0.5173266838285678,730.0,1.0996310451498563
2020-06-17,Wednesday,USA,national,United States,0.729731153964116,0.8341781538708242,0.5230357715317184,0.3586335001061856,71.45941615717219,1.0606415231770314,14.439351810525563,0.3683674856762236,35.49418326951835,0.5352747128073065,767.0,1.0961446906923966
2020-06-18,Thursday,USA,national,United States,0.8223670708151993,0.8373472016523168,0.5153509351482575,0.357249672786169,82.93906088715714,1.059872656642836,15.742600097269856,0.3491557671848455,38.749018159332905,0.5477127713236495,705.0,1.0901592768721071
2020-06-19,Friday,USA,national,United States,0.9835914934213602,0.854075910243211,0.4795355972313806,0.3499423813114627,110.22044017386578,1.02245020832978,21.439700629740265,0.284931117968521,50.76219069753093,0.5249774192478457,655.0,1.0812479381417883
2020-06-20,Saturday,USA,national,United States,0.9977557246498144,0.96115337043602,0.2212374504660878,0.4764108003419706,113.07231594310096,1.087309797708322,32.20613504956935,0.249949323914618,57.92087733228073,0.46999587098209,629.0,1.0759871089256237
2020-06-21,Sunday,USA,national,United States,0.9637985976837324,0.9229059338100384,0.1729461804163262,0.4779992671002357,114.4107296157582,1.1143554883519613,28.60777970125521,0.3961634424984022,40.00302125363623,0.5291584888097778,294.0,1.0696760086304242
2020-06-22,Monday,USA,national,United States,0.7865736596934471,0.8645079574723301,0.5128133402686096,0.3474590936705679,77.79835426159994,1.1217468028132218,15.566874678408189,0.410369924730536,32.73947348344119,0.5244668392667032,286.0,1.0686415883187872
2020-06-23,Tuesday,USA,national,United States,0.7168948417779575,0.8566359653598347,0.5259190802555881,0.3651232830435463,68.43536185158179,1.0452463940058128,16.96419703599551,0.384943942190763,34.60305152188066,0.522765672024728,710.0,1.0615707782497998
2020-06-24,Wednesday,USA,national,United States,0.7549014352006322,0.8629510774608715,0.5281374768627647,0.3621316211506132,73.9991551059423,1.0983377811645127,17.074414510945452,0.4355915158328477,36.01478403561719,0.5431257013325202,724.0,1.0561243590115068
2020-06-25,Thursday,USA,national,United States,0.8518275272231587,0.8673443058750713,0.5203544557848142,0.3607181948907704,85.96461012913392,1.0985359460338326,18.422206229479794,0.4085868604644895,39.041527325794576,0.5518473536643301,647.0,1.0544498371606854
2020-06-26,Friday,USA,national,United States,1.01266943673196,0.8793249806826215,0.4863885690389245,0.3549433557693299,112.0741320152653,1.0396458174783956,23.57644460716825,0.313328195932218,49.02006153940015,0.5069604964778753,637.0,1.0558071643911398
2020-06-27,Saturday,USA,national,United States,1.020203518665405,0.9827776742048716,0.2228488016166065,0.4798806698854556,113.18686486590975,1.0884113066413277,34.112818291421085,0.2647469451282987,52.63265249908175,0.4270848525220282,511.0,1.0550667336059891
2020-06-28,Sunday,USA,national,United States,0.9801887648079618,0.938600688431432,0.1762307161916013,0.4870772686471134,117.00925037974308,1.139664966620897,29.07696620497309,0.402660784914616,40.21121937977206,0.5319125259386372,271.0,1.0517319912675005
2020-06-29,Monday,USA,national,United States,0.8002065055959038,0.8794915557919856,0.5151188836986782,0.3490212254790154,78.76208989443568,1.1356425641715604,17.2315397600091,0.4542533951348839,33.9916764053052,0.5445263832567039,332.0,1.0425543537203956
2020-06-30,Tuesday,USA,national,United States,0.7627975421018359,0.911486274935291,0.5258087643856304,0.3650466954198549,74.03917573225168,1.1308361548103658,17.672797710654777,0.4010231905373598,35.38067736534187,0.5345136560539325,596.0,1.0384249372648495
2020-07-01,Wednesday,USA,national,United States,0.8492829262213112,0.9708414662862844,0.5230697463140664,0.3586567958266162,84.54032529850825,1.2547958577953184,18.037865299664038,0.4601704546432679,37.36221587239007,0.5634458248857057,701.0,1.0309334705732809
2020-07-02,Thursday,USA,national,United States,1.0149357419268663,1.0334236784516837,0.4952058890551174,0.3432847983012392,110.05879658802988,1.40643392725865,21.102816032383416,0.4680402141972282,44.50824715659638,0.6291187894531423,695.0,1.0253930983551425
2020-07-03,Friday,USA,national,United States,1.0513269321964942,0.912892204319082,0.2955180533272146,0.2156550877534851,119.7214923528482,1.1105858822975931,29.94818468879913,0.3980078776226203,52.30024872122039,0.5408838590770708,598.0,1.0189829391056435
2020-07-04,Saturday,USA,national,United States,0.8031690530511275,0.7737050495409967,0.1641544461155412,0.3534887555829316,88.92988926744447,0.8551548546884455,38.38816475440046,0.2979275784541451,38.33343724461838,0.311054632721881,306.0,1.017609685394895
2020-07-05,Sunday,USA,national,United States,1.081021723124509,1.0351554414447777,0.1626897720603771,0.4496519762527439,130.74291344146786,1.2734302424775217,29.425087480355504,0.4074816037374196,34.94216264789154,0.4622136379467348,209.0,1.0146744175830509
2020-07-06,Monday,USA,national,United States,0.8747454928396073,0.9614159208148676,0.4892630239852409,0.3315024659681989,88.07724305723967,1.2699544448953464,17.08968772245684,0.4505139284033931,32.157218663174746,0.5151394643048733,243.0,1.0089364537850982
2020-07-07,Tuesday,USA,national,United States,0.7679779393018701,0.9176764639250636,0.5217014995352017,0.3621951958587645,71.88948779628306,1.098002930837911,17.170623348131485,0.3896280753800272,32.134949076489804,0.4854788092555654,923.0,1.0079562131448905
2020-07-08,Wednesday,USA,national,United States,0.7892926705263613,0.9022647576258334,0.5254178441576152,0.3602668320689893,74.90889145767457,1.1118406083870105,17.10934036362607,0.4364825217939102,33.17335752845349,0.5002751940807791,807.0,1.0057779169174408
2020-07-09,Thursday,USA,national,United States,0.8585929720379889,0.8742329891464181,0.5197934998009235,0.3603293310544512,84.17376110094119,1.075650807272263,18.238719396061857,0.4045172985309771,35.775686781136336,0.5056850852925037,867.0,1.0079328056041863
2020-07-10,Friday,USA,national,United States,1.0001079087249898,0.8684175068600489,0.4868605054682265,0.355287752637573,107.03082937644766,0.992862064613726,21.9089457688974,0.2911673310766401,42.66785994372324,0.4412666728974302,854.0,1.0018701573350246
2020-07-11,Saturday,USA,national,United States,1.040562953639285,1.0023902297250975,0.2245077048710141,0.4834529377155958,112.38931981430484,1.080742068229688,31.38821860930992,0.2436015376637425,49.60742916005344,0.4025368390313982,757.0,0.9935979740690638
2020-07-12,Sunday,USA,national,United States,1.0026405338879272,0.9600998594804776,0.1760172397912999,0.4864872494709648,113.96459763974394,1.1100101824731297,27.61256455154145,0.3823816018992917,36.97477311176975,0.4891009341483177,476.0,0.9874155126914492
2020-07-13,Monday,USA,national,United States,0.802209031201863,0.8816924931105178,0.5234836060147218,0.3546887824759065,75.8765023006702,1.0940363028532332,16.4130127744908,0.4326755984109878,30.84058476666453,0.4940477745279021,327.0,0.9851331338446384
2020-07-14,Tuesday,USA,national,United States,0.7438617310551529,0.8888593904460441,0.5366844056661207,0.3725971913014775,69.43362326743855,1.0604933236189322,16.998108978983687,0.3857134567745371,31.73325064500058,0.4794101493757871,736.0,0.982688477489246
2020-07-15,Wednesday,USA,national,United States,0.7848413311665388,0.8971762945264328,0.5382908452829983,0.3690935504346319,74.13607571876747,1.1003700352067487,17.606273860896454,0.4491599705699935,33.04906479771569,0.498400781159526,858.0,0.9771209172353816
2020-07-16,Thursday,USA,national,United States,0.8725069347746068,0.8884004068056058,0.5296006617324837,0.3671278156443801,84.78052062515223,1.0834045462462774,18.681911141050485,0.4143468662501196,35.24761234228827,0.4982208157934069,947.0,0.9744889557587944
2020-07-17,Friday,USA,national,United States,1.0297858470507046,0.8941875672552524,0.4934801647625188,0.3601184666664994,110.67358604439094,1.0266537760980758,22.454322650625222,0.2984153261540219,43.60278763994784,0.4509356001522028,951.0,0.965664437217566
2020-07-18,Saturday,USA,national,United States,1.0703186558909945,1.0310543534202627,0.222867253252192,0.4799204034769357,116.16859444430196,1.1170837872362591,31.357563875906337,0.2433636286480467,49.309691306010194,0.4001208610890647,872.0,0.96134022223485
2020-07-19,Sunday,USA,national,United States,1.019373807089934,0.9761231626553432,0.1739137973152071,0.4806736260677796,115.47727993424756,1.124743641674676,26.991051616641087,0.3737748275736139,35.94290211276978,0.4754513826553083,527.0,0.9624600031713544
2020-07-20,Monday,USA,national,United States,0.8140643037975495,0.8947223948503865,0.5271028918159062,0.3571410466146584,76.76966520344574,1.106914501114483,16.63312586712036,0.4384781628383796,29.925074221616903,0.479381841609973,363.0,0.9624358873636462
2020-07-21,Tuesday,USA,national,United States,0.7467511692294899,0.8923120539547982,0.541346804414315,0.3758340967527335,68.96115245748521,1.053277048333536,17.26037861060328,0.3916647614957889,30.767238719300952,0.4648161222217674,1039.0,0.9603707170887108
2020-07-22,Wednesday,USA,national,United States,0.791944063007393,0.9052956460194548,0.5436034020259007,0.3727362474028339,74.23862429186948,1.1018921197775955,17.379262898596945,0.4433686124466841,31.618965103086868,0.4768339740712883,1171.0,0.957940632837728
2020-07-23,Thursday,USA,national,United States,0.8848209292394409,0.9009387113805564,0.5352044306332601,0.3710124396348183,85.32176668208113,1.0903210930472491,18.35852410118982,0.4071744519537184,34.29541706147816,0.4847616485456248,1056.0,0.9555966368047072
2020-07-24,Friday,USA,national,United States,1.0486040688453984,0.9105278772477224,0.4968744138309068,0.3625954289788151,111.77005343259152,1.0368250592804331,22.686013176154063,0.3014944661850199,43.22597700178672,0.4470386628126451,1176.0,0.9546010193575346
2020-07-25,Saturday,USA,national,United States,1.0739449970497068,1.0345476633967807,0.2257409019130898,0.4861084934931411,115.23466332275052,1.1081030526472673,31.575914759778986,0.2450582329747108,48.65541854523183,0.3948117996551747,1023.0,0.95424007458843
2020-07-26,Sunday,USA,national,United States,1.031535260676957,0.987768622304478,0.1758598018964896,0.4860521129553624,116.45483083427789,1.1342649445651538,26.84473721697249,0.3717486508879322,35.69314328266601,0.4721475820681814,559.0,0.9548218885275456
2020-07-27,Monday,USA,national,United States,0.824713793573541,0.9064270439203198,0.5313948211700472,0.3600490635603697,76.80718893183203,1.1074555424095909,15.765129862390516,0.4155962766225515,29.288718063981754,0.4691877954897258,1060.0,0.955744974558666
2020-07-28,Tuesday,USA,national,United States,0.7563139334686794,0.903738845302927,0.5477276507586257,0.3802640473920959,69.34734008990337,1.0591754789003258,16.08667838205024,0.3650316829026356,29.79466697454237,0.4501229925878249,1122.0,0.9596153515751178
2020-07-29,Wednesday,USA,national,United States,0.8027129490302632,0.9176058912556684,0.5507182790249612,0.3776147535775179,74.387429643567,1.1041007739112116,16.55851723717303,0.4224302753491692,31.41440693149635,0.4737491075815011,1492.0,0.9606217212374965
2020-07-30,Thursday,USA,national,United States,0.892705076381323,0.908966475114002,0.5431640616252363,0.3765301856471819,85.00500578405085,1.0862732269281392,17.278697541639364,0.3832249348157078,33.70246099829246,0.4763802849893878,1259.0,0.9620406023933004
2020-07-31,Friday,USA,national,United States,1.0663122537010397,0.9259043157392028,0.5067613576321396,0.369810452592644,111.13445874750391,1.0309290211485225,21.61332955061741,0.2872386260532452,43.68852066771177,0.4518222424156937,1312.0,0.9632243947277276
2020-08-01,Saturday,USA,national,United States,1.0888374924621842,1.048893832309948,0.2283809746276233,0.491793603099323,113.63302003659926,1.0927015600454677,29.486637654746023,0.2288435149071897,48.49563125463361,0.3935152142048931,1190.0,0.96475528311456
2020-08-02,Sunday,USA,national,United States,1.034254668696861,0.9903726495400972,0.1772477571009137,0.4898882287278274,112.217934239994,1.0929977575689993,24.39962428955108,0.3378884784194582,34.37273391353425,0.4546812556637346,498.0,0.9663083261208364
2020-08-03,Monday,USA,national,United States,0.8327396636877425,0.9152481231591932,0.5399633973213428,0.3658547426833367,75.89513572158347,1.0943049715228126,14.87663750473592,0.3921740708512093,29.20891768234405,0.4679094409691203,519.0,0.9700075755428658
2020-08-04,Tuesday,USA,national,United States,0.7534223385368697,0.9002836046295569,0.5489264041877489,0.3810962909900814,66.87914232378351,1.0214775001810048,14.83372072013092,0.3366001302182418,28.654898903195438,0.4329039441061254,1255.0,0.9785579045055072
2020-08-05,Wednesday,USA,national,United States,0.8155624712247782,0.9322945757720345,0.5562737075791456,0.3814239821148745,74.80247963876126,1.1102611833123914,15.500576644890776,0.3954407732518694,31.929670856190945,0.4815196131659393,1346.0,0.9821510697952338
2020-08-06,Thursday,USA,national,United States,0.8954851139503456,0.9117971534832146,0.5488188464418261,0.3804501747024491,83.79551820863185,1.0708172669012956,16.30762617984341,0.361687503627457,33.494146582487794,0.4734357854534799,1251.0,0.98482984801849
2020-08-07,Friday,USA,national,United States,1.0464613477805065,0.9086673015350052,0.5140494761599262,0.3751289765304264,107.1633276908015,0.9940911735603126,20.351985766036275,0.2704755144366209,42.30111401456293,0.437473823755882,1333.0,0.9857766278325986
2020-08-08,Saturday,USA,national,United States,1.04915826264425,1.010670222528908,0.2306894699105293,0.4967646967500496,109.8164967642283,1.0560016559830183,27.976341424023783,0.2171222226379123,47.74550740802985,0.3874283742455046,1089.0,0.9934013193713944
2020-08-09,Sunday,USA,national,United States,1.0480909128938276,1.003621840711068,0.1794588632389498,0.4959994195671849,114.27017415792832,1.1129864843575237,23.44910040929301,0.3247255270645352,35.1228676400889,0.4646039969145051,616.0,0.9867741414078012
2020-08-10,Monday,USA,national,United States,0.8294503052438698,0.911632852656981,0.5425325715848339,0.3675954988044758,75.27799672454107,1.085406663796458,14.65653351915654,0.3863717465015193,28.848949073490225,0.4621429585418362,426.0,0.9889229466667612
2020-08-11,Tuesday,USA,national,United States,0.7716966817250384,0.9221200842720796,0.558624564773229,0.3878293120296168,68.97625024404311,1.0535076441326978,15.159395586021027,0.3439901980465142,29.878825483039112,0.4513944174280035,1326.0,0.9898524791312
2020-08-12,Wednesday,USA,national,United States,0.7943032756263761,0.9079925346152088,0.5628712066883098,0.3859477342676917,71.98607188167924,1.068458448641444,15.765869660543284,0.4022087585759848,30.570122584368026,0.4610167661157117,1519.0,0.9923703624262322
2020-08-13,Thursday,USA,national,United States,0.8798607932570536,0.8958882222108601,0.5569106298491634,0.3860595309243335,81.70058144949587,1.044046211566764,17.508118182871502,0.3883132645390384,32.93770625172335,0.4655705674397988,1163.0,0.994680473142332
2020-08-14,Friday,USA,national,United States,1.0382738010214745,0.9015578597620236,0.5232429886385939,0.3818379667867832,105.97012227708905,0.9830225086021064,21.8916907650986,0.2909380140909298,42.55939411605987,0.4401449303268112,1216.0,0.9990791051142842
2020-08-15,Saturday,USA,national,United States,1.0138725104615616,0.97667891704112,0.2313651636420932,0.4982197297508469,105.45988149064948,1.014108196630937,28.427188135142,0.2206212091030589,47.60141070715604,0.3862591092489764,1221.0,1.0039298958006238
2020-08-16,Sunday,USA,national,United States,1.022825809025316,0.9794287008428276,0.1798591316828033,0.4971057060566856,109.9480783509181,1.0708894607662895,24.821751085073917,0.3437341332109697,34.89599804647334,0.4616029743029046,619.0,1.0094974363492657
2020-08-17,Monday,USA,national,United States,0.8098876906843888,0.8901319598324915,0.5542583136140212,0.3755403305359246,72.36749072026822,1.043441112778713,19.37365534334594,0.5107232921988935,30.350883617741577,0.4862030541816573,407.0,1.0121573408897513
2020-08-18,Tuesday,USA,national,United States,0.7525706061339265,0.8992658478168367,0.569967512728284,0.3957042390901241,66.3404499306885,1.013249790614975,20.679927363773817,0.4692596264201887,30.953819651102098,0.4676348940326393,1196.0,1.0155849415948677
2020-08-19,Wednesday,USA,national,United States,0.7726647144870368,0.88325682902613,0.573010473766267,0.3928999945883009,68.987834069417,1.0239568883005314,21.04687103725415,0.5369342798125819,31.29011311132835,0.4718746782309522,1420.0,1.015292291141099
2020-08-20,Thursday,USA,national,United States,0.851840993684277,0.8673580176394813,0.567906636309777,0.3936821419299363,77.98969038567458,0.9966249853284348,23.42264817525709,0.5194918655496368,34.50557115769624,0.4877321517457659,1134.0,1.0134481071674375
2020-08-21,Friday,USA,national,United States,0.9858260860389516,0.8560162602123363,0.5350575068288401,0.3904596429530835,100.40548120599172,0.9314026056744014,27.3211892296308,0.363095414710673,43.7279100190247,0.4522296030853961,1123.0,1.0143725842598863
2020-08-22,Saturday,USA,national,United States,0.9382636612747576,0.9038437546508556,0.2351600091426278,0.5063915170240911,97.41083507308517,0.9367081101550332,29.212368944731807,0.2267149366554536,45.38131925313048,0.3682442955124949,1029.0,1.0164038316852988
2020-08-23,Sunday,USA,national,United States,0.9624632543603996,0.9216272472880416,0.1833765745271629,0.5068274304545499,101.99878941181778,0.9934637351588036,24.86187378777694,0.3442897564781774,32.39251631635335,0.4284870103692363,572.0,1.0177504595751947
2020-08-24,Monday,USA,national,United States,0.7424539423979514,0.8160168260781633,0.5695263963208475,0.3858852918753124,64.59083713970415,0.9313123103974846,22.951557767440068,0.6050430306692779,28.78027671341506,0.4610428682898709,343.0,1.0125959939043458
2020-08-25,Tuesday,USA,national,United States,0.69957375745817,0.8359385590979048,0.5849764869893949,0.4061243325285854,60.83717968266702,0.9291956813598936,24.427765643880875,0.5543038898873395,29.9047854089908,0.4517866070627027,1147.0,1.0122275573537975
2020-08-26,Wednesday,USA,national,United States,0.7159886270868283,0.818468648201864,0.5838314863293853,0.4003197119794063,62.88669760463562,0.9334003315707132,24.57807513032917,0.6270200946223182,29.28920399160846,0.4416997043125815,1298.0,1.010697173510682
2020-08-27,Thursday,USA,national,United States,0.7836155357846694,0.7978897737358751,0.5742674513964001,0.398091562682604,69.23130843915048,0.8847022140520053,25.77799136351297,0.5717311178204039,31.92208819268465,0.4512149267514308,1129.0,1.0105230980810904
2020-08-28,Friday,USA,national,United States,0.9081055123603337,0.7885296357822142,0.5479825644369236,0.3998917382220781,89.92701233444755,0.8342000118198745,29.791519378855064,0.3959258139464454,37.35686923266204,0.3863409465087579,1023.0,1.0134434192203658
2020-08-29,Saturday,USA,national,United States,0.8647830931275511,0.8330587979811966,0.2401928511859616,0.5172291952779675,87.14019534169361,0.8379450564797736,26.792936334435456,0.2079379072394809,42.395843157896735,0.3440188089124572,1015.0,1.0112781527808306
2020-08-30,Sunday,USA,national,United States,0.9041142362240124,0.8657538986449965,0.186378595408896,0.5151246000007851,95.19550702215592,0.9272000630784908,23.370248670160564,0.323633580162402,31.23085754976126,0.4131206310764067,475.0,1.0181869539059665
2020-08-31,Monday,USA,national,United States,0.7255114770280338,0.7973956887555614,0.591796409828177,0.400974444402497,61.74062879647812,0.8902161699108284,23.661749536823866,0.6237649224405601,28.110207815735706,0.4503087641805132,366.0,1.019389523548858
2020-09-01,Tuesday,USA,national,United States,0.6790860034096615,0.811457218258749,0.6094688283687759,0.4231283250240029,57.19752265364155,0.8736054385077056,25.034293625572182,0.5680669505159004,29.653750765350942,0.4479941006676845,1027.0,1.0150389070224335
2020-09-02,Wednesday,USA,national,United States,0.7210589456307498,0.8242646854678206,0.6142832372115897,0.4211997714278533,59.89670169624127,0.8890211022806599,23.73499101323764,0.6055118731659933,29.98305676437795,0.4521634425779353,1032.0,1.0191622843727883
2020-09-03,Thursday,USA,national,United States,0.8925875250612383,0.9088467824944688,0.6076339263582985,0.4212217472795076,77.63646027156467,0.9921110815604952,25.77432020778202,0.5716496951082867,34.26655204973293,0.4843536450315161,1070.0,1.0216271269627304
2020-09-04,Friday,USA,national,United States,1.18845005722051,1.0319594782875745,0.5500546205924011,0.4014038267290529,122.70672712757477,1.1382781498345194,30.101843580203923,0.400049986347452,48.72368084109598,0.5038953574054167,998.0,1.024165971915628
2020-09-05,Saturday,USA,national,United States,0.9927898285130108,0.9563696466334838,0.224530459937804,0.4835019382783774,105.14919886726771,1.0111206549186873,30.90530069936625,0.2398536491042833,45.18666048480535,0.3666647473154187,918.0,1.0282036749431769
2020-09-06,Sunday,USA,national,United States,0.9081768696679654,0.8696441600765136,0.1716428598613354,0.4743970697658823,95.68303976154732,0.93194861057676,31.396003326828552,0.4347750468066542,35.341908950253334,0.4675014672815212,449.0,1.0268525878086532
2020-09-07,Monday,USA,national,United States,1.110663331564302,1.2207086728333616,0.2166406195221907,0.1467858719743574,119.29282495631688,1.7200408191585033,17.875534306761995,0.4712302128415506,28.08798572677589,0.4499527795687096,225.0,1.0223443545585642
2020-09-08,Tuesday,USA,national,United States,0.7429366455033182,0.8877539820813096,0.6166095787490607,0.4280858447644485,62.00496161474963,0.947031779839824,20.543665371016285,0.466167630462375,28.73477417528408,0.4341106599434606,358.0,1.018515157143682
2020-09-09,Wednesday,USA,national,United States,0.7075460642415397,0.8088176946281215,0.6318683032238542,0.4332574434205504,57.16334819930653,0.8484511064386333,20.173452871531545,0.5146521955560959,28.4818637970081,0.4295245040122657,1083.0,1.016357804476542
2020-09-10,Thursday,USA,national,United States,0.7766040275740643,0.7907505448101687,0.6297659707912996,0.4365640414183627,63.84897640958312,0.815921756616241,22.61021206623705,0.5014728120781105,31.23462407982661,0.441497703133254,1170.0,1.0133245811655105
2020-09-11,Friday,USA,national,United States,0.924221077172525,0.8025231643742305,0.6044967081377743,0.4411330853475793,86.79006727271141,0.8051004171636403,27.32897650619182,0.3631989067068898,43.31941494662726,0.4480049885457974,1018.0,1.0189148362454312
2020-09-12,Saturday,USA,national,United States,0.8797431935346816,0.8474700918211006,0.2511989450480641,0.5409296220114913,85.31322509743461,0.820376807079947,23.941755701371783,0.1858101148019265,42.59157182328707,0.3456070387322258,810.0,1.023088298402707
2020-09-13,Sunday,USA,national,United States,0.8983370151581834,0.8602217972128096,0.1913063271482165,0.5287441673956333,89.20220908342439,0.8688256040239606,18.69366665562563,0.2588717968520047,28.03299082863393,0.3708193681083503,389.0,1.0205934293971128
2020-09-14,Monday,USA,national,United States,0.7368072987663031,0.8098107088348362,0.6407182586437276,0.4341216734532001,59.26794242892216,0.8545633845339171,16.127122665665226,0.4251390372923527,26.71461293847635,0.4279521665845496,404.0,1.0235097129275494
2020-09-15,Tuesday,USA,national,United States,0.6889391584459195,0.8232310049906938,0.6500148683167413,0.4512777186779111,55.03371017728222,0.8405564835957049,17.601990359743727,0.3994164619230935,28.084521299053463,0.4242869632786227,1031.0,1.0255460340929257
2020-09-16,Wednesday,USA,national,United States,0.7154456529260441,0.817847957718003,0.6522632725931489,0.4472418009876218,57.16029343656636,0.848405765902985,16.104859455027164,0.4108568488713471,27.22770242286436,0.4106109579739963,1200.0,1.0275626941257858
2020-09-17,Thursday,USA,national,United States,0.8084920584167212,0.8232194438455264,0.6467672867224566,0.4483496308858444,65.17629255445267,0.8328834399729145,18.28828901886156,0.4056167052090833,30.01081546674809,0.4241993136803191,863.0,1.0285389828688674
2020-09-18,Friday,USA,national,United States,0.9594204769206168,0.8330876411727174,0.6062134563183522,0.4423858869120347,89.55171268430921,0.8307185776606139,22.343530260751876,0.2969429082292478,41.04736826200576,0.4245077125513388,901.0,1.030255317456571
2020-09-19,Saturday,USA,national,United States,0.895079770910472,0.8622440516907545,0.242339666521685,0.5218521287375772,86.7714234628125,0.8343989251948309,20.345126074513477,0.1578969503622667,40.62370973934571,0.3296389267713391,740.0,1.0297767414836547
2020-09-20,Sunday,USA,national,United States,0.8996354812430284,0.8614651711473997,0.1798512155313993,0.4970838269116229,90.04752471377687,0.8770589411876739,14.533340330114072,0.2012591748225128,24.49180207733953,0.3239766539957306,327.0,1.02791269794948
2020-09-21,Monday,USA,national,United States,0.6953947051155863,0.7642949248908814,0.6034651170417514,0.4088806319260354,55.26489613064184,0.7968448835549619,8.823627299465688,0.2326061811080438,18.86225928591737,0.3021621442421044,287.0,1.0284593183936854
2020-09-22,Tuesday,USA,national,United States,0.7098695142250611,0.8482412219476502,0.6755665773104284,0.4690171851194297,55.94366447280308,0.854454655832538,15.223027351739734,0.3454341015034444,26.431006857036405,0.3993064904455533,854.0,1.0283764421388393
2020-09-23,Wednesday,USA,national,United States,0.7530149923485379,0.860794626544401,0.6841281143392383,0.4690907840739282,58.86911238320402,0.8737690340048281,14.15465024448315,0.3611043618582501,26.732955546494605,0.4031498624432095,1157.0,1.02871670823869
2020-09-24,Thursday,USA,national,United States,0.8559407985679264,0.8715325040318428,0.68028121192668,0.471582030395403,68.15978177034113,0.8710092471316327,16.899725370172934,0.3748196956269783,30.069738980601358,0.4250321905531212,921.0,1.0314989485144033
2020-09-25,Friday,USA,national,United States,1.0346930122555462,0.8984485756282106,0.6434975345606029,0.4695940424700894,95.20165638237825,0.8831297828965001,22.997751327612463,0.3056374298178828,43.40806612589957,0.448921810035732,844.0,1.032258282119211
2020-09-26,Saturday,USA,national,United States,0.9673970035634308,0.9319083494620276,0.2577188313759352,0.554969488485526,92.9699548203252,0.8940043539880054,24.656923204313497,0.1913604744949122,45.49303736419989,0.3691508261683639,869.0,1.0339302550937806
2020-09-27,Sunday,USA,national,United States,1.0231984039699558,0.9797854870906414,0.1978276245424921,0.5467681293443885,100.7106746211939,0.980917553595415,17.316519389956262,0.2398009214715256,28.943030115960543,0.3828573342156103,307.0,1.0346255083027651
2020-09-28,Monday,USA,national,United States,0.7962789585875728,0.8751748645321077,0.6836317518204723,0.4631979128459189,61.981135024600114,0.8936839436833345,11.638813970503964,0.3068194041321094,23.315738812074034,0.3735042301801601,257.0,1.0355927804313392
2020-09-29,Tuesday,USA,national,United States,0.7222124143076845,0.8629900686563184,0.7163255286005065,0.4973143940763911,54.90797984531304,0.8386361434009245,13.13780803330458,0.2981172409961319,24.75334354364422,0.3739611884885244,739.0,1.0343298484247678
2020-09-30,Wednesday,USA,national,United States,0.7650169524295416,0.8745144367084816,0.725374092582124,0.4973721949212791,58.08310980093557,0.8621027341536698,11.878254069436997,0.3030304021398184,30.51417834668208,0.4601730916597259,1061.0,1.034485551218117
2020-10-01,Thursday,USA,national,United States,0.8814127721745417,0.8974684717730099,0.7171838668254343,0.4971635525939185,68.10709072941891,0.8703359118789045,14.167548275252702,0.3142226288294057,29.20408827638186,0.4127963206207076,847.0,
2020-10-02,Friday,USA,national,United States,1.05924999755433,0.9197719905948576,0.6767572136030351,0.4938653819763988,94.2615818497104,0.8744092642680538,20.750275690525555,0.2757687410268702,42.67189852821573,0.4413084395279705,,
2020-10-03,Saturday,USA,national,United States,1.006470265148031,0.96954822076334,0.2627081728412938,0.5657134929733882,92.30106771042348,0.8875722976345924,22.89325567972419,0.1776727872048113,46.54439199641301,0.3776819872770488,,
2020-10-04,Sunday,USA,national,United States,1.038219690517472,0.9941694408767132,0.203355888428535,0.562047484340862,97.90340934810472,0.9535749129634308,17.234126884310815,0.238659941674651,29.536262546604263,0.390704590914599,,
2020-10-05,Monday,USA,national,United States,0.8151198123269485,0.895882483942616,0.7128932032415056,0.4830241470560353,61.55711004247424,0.8875700782612814,11.739573504608854,0.3094756009141045,24.31314652344533,0.389482106858834,,
2020-10-06,Tuesday,USA,national,United States,0.76325758088118,0.912035987028168,0.7318455824497428,0.5080893083687037,57.419689073920814,0.8769986937398428,12.95159882115254,0.2938918651621948,25.232508613392863,0.3812001757651099,,
2020-10-07,Wednesday,USA,national,United States,0.8224824961994515,0.9402050694199412,0.7355132024937711,0.5043243474765939,61.74430856200221,0.916444340052752,11.43378034483104,0.2916912734496448,27.7911832701684,0.4191086052201046,,
2020-10-08,Thursday,USA,national,United States,0.961643139772877,0.9791603052378488,0.7364829572558667,0.5105419968172887,75.29080509593079,0.9621361125172652,14.929971061036555,0.3311324347728174,34.37022091705935,0.4858189921634063,,
2020-10-09,Friday,USA,national,United States,1.1726738612727483,1.0182606317599463,0.675435204287397,0.4929006421516573,103.2448765093,0.9577420061959256,19.21149792466772,0.2553185641935807,41.77479715974843,0.432030708312076,,
2020-10-10,Saturday,USA,national,United States,1.077569685474436,1.0380393812693405,0.2613736403201208,0.562839722257106,97.23283348848616,0.934996436830508,25.47024222694408,0.1976725805430464,45.94988830846278,0.3728579187979529,,
2020-10-11,Sunday,USA,national,United States,1.1137658179653724,1.0665102488687537,0.1988106695552189,0.5494851294797996,103.68802460908256,1.0099168118895547,19.839551552151686,0.2747401274269486,30.52023180391561,0.4037204999363913,,
2020-10-12,Monday,USA,national,United States,0.953121481430154,1.047557460105282,0.6557404788911708,0.4443000495254026,73.78949323380158,1.0639444613172278,10.500477476730026,0.276810871853246,23.27751091176895,0.3728918420165279,,
2020-10-13,Tuesday,USA,national,United States,0.8304986187337173,0.9923840213782968,0.7555762868699959,0.524564528668085,60.94153446531542,0.9307895424473392,11.61189922787602,0.2634920035187014,24.3132171829488,0.3673119785892399,,
2020-10-14,Wednesday,USA,national,United States,0.8637244401641804,0.9873500055949334,0.7580816387996,0.5197990009225335,63.599805276267055,0.9439846834686468,10.625689788533515,0.2710757852803607,25.07802049818886,0.3781923961459825,,
2020-10-15,Thursday,USA,national,United States,0.9942922593544756,1.012404156904919,0.7504849734128183,0.5202484227675561,74.40798636033298,0.9508546315284082,12.819472720076792,0.284323606318365,28.44257700413229,0.4020324491955538,,
2020-10-16,Friday,USA,national,United States,1.1642231319924476,1.010922662338123,0.698362181565418,0.5096316649813832,100.04917704867805,0.9280973815317698,19.43536461306698,0.2582937263426749,40.65284033171385,0.4204275447764695,,
2020-10-17,Saturday,USA,national,United States,1.0942504219266769,1.0541081901634752,0.2696555650110134,0.580673946806556,97.47601239782182,0.9373348590031796,23.879377255458508,0.1853260005063467,46.53741936334253,0.3776254082177538,,
2020-10-18,Sunday,USA,national,United States,1.1660731426477748,1.1165982448952416,0.2042619795876009,0.5645517946928854,105.89302001236234,1.03139337040542,17.229092724023733,0.2385902281110594,29.287945617407946,0.3874198637394618,,
2020-10-19,Monday,USA,national,United States,0.8807469614706103,0.9680120193799336,0.7617085578370575,0.5160992204464692,63.39874868608882,0.9141240109250166,9.500381248158051,0.2504465936971672,21.92877536491121,0.3512859029465274,,
2020-10-20,Tuesday,USA,national,United States,0.8006339788741291,0.9566980000745392,0.7909611526692931,0.5491307382918467,57.16797498153276,0.8731541426149483,9.991858380227065,0.2267307640046344,22.67940945477817,0.3426292249761304,,
2020-10-21,Wednesday,USA,national,United States,0.8508338587045075,0.9726143849681618,0.7897008877799385,0.5414795867443009,60.71636027661943,0.9011869437040668,9.621983681337896,0.2454698785944384,23.21745181110774,0.3501338446342229,,
2020-10-22,Thursday,USA,national,United States,0.9637946464131744,0.9813510034412722,0.7886999125011988,0.5467396417675562,70.87919912322963,0.9057604977908124,11.204612545420588,0.2485075568923161,26.21865443448248,0.3705975677019507,,
2020-10-23,Friday,USA,national,United States,1.1499759020349527,0.9985514533801584,0.7377727978330041,0.5383916673362801,96.899160829606,0.8988765334354285,17.50458682579462,0.2326339149965607,38.67970615281181,0.4000215915495515,,
2020-10-24,Saturday,USA,national,United States,1.0536615291521343,1.015008288124617,0.275920459227201,0.5941647154865595,90.9129453959244,0.8742240347960396,23.47221747389841,0.182166064923591,43.497296917559545,0.3529564967197292,,
2020-10-25,Sunday,USA,national,United States,1.0933009122504762,1.046913641274043,0.2061701333120125,0.5698256670593506,97.78467614625714,0.9524184567851264,16.474878691175753,0.2281457954863021,27.120328660430637,0.3587467066296522,,
